0,"","f77b6eaab946540b70e0d8de9e255fbd887ff43e2c31a2c0a13f7f0a1a401752"
1,"","93c12e609a57907d0498e6a67090f4ecab56f9bebca99f69035bd70c7904fc77"
2,"","103956417059fc547f2917eb5f6b2c049a207542fc625eb7a54ee4c498986e9f"
3,"","2210544f3e4a9657b61f2aad1e3ebccdb5cebc91f4f48e6c131a20beba1b504c"
4,"","de6c3728e19e47a90dc558ed40d1b96f8b0f49ae9981cc465bc4f9d5d988bd54"
5,"","9736a7b0c139e9d9a947b3f43b5d802de8f61f8c7810261bce8fdbfd77326e01"
6,"","0792b761551c5f49a7d08a83480f4d8cc42afa02069017db44c45ef719ced5f1"
7,"","b676b1acd62ed354c69c0d8a5fd45dcf823e36c7e43371c11f815a50336e5127"
8,"","9cb91c02ecb7d715ed881edb907817cbf2187e01fe7e70d452a9907d2ab21059"
9,"","c2a17574a96de843f4943eaa774e14acc9c4ba2a4e8459ddf0e5c9d4ab10c273"
10,"","530a09f333edf79ee849c02e87abcceb7c26eccbe22ed246d32f7d60099f677a"
11,"","3f75144e313ff096d9664bb00a153650d00a9ea5bfd2d145c03e2d22079bd76e"
12,"","ced3bc4cdb442214aceffb139638e685fe6286fcf3908268195c9d51166cc60b"
13,"","ab22ff5cb955b490b79e592104577dd70baf2d3fb910e7947dda585b86db3876"
14,"","2ca3c659f666ef201e07914abfba9256e679a5a50e66f2667d3ccd834d8f87e9"
15,"","0439c0cde3647988e26aaf3731635eb9dc8256a111da30601cb971695df89e0c"
16,"","0a088c4f96943e524af46b24cc9268bc14ba4b12cad84d1644b8e86f7542cb39"
17,"","fc3a7ce01e6261b4d1820dcb4060c6b9776851da0f75e178678b69b9b8bfff86"
18,"","c4f34cc72ecf43fe5b7d7e1301c704e491d6935a3c354ca166e004f7a6522ec5"
19,"","f3c80558ac964a434f2b22b581ab75bfa63f54761fc356eccc5dd33e7cc7869e"
20,"","5a89bdaf8743d6a24c58ca69ccf46ca03e8d1a7a85967821698f3a034ff440b1"
21,"","50bc8a5b995dd873033a69ab8d48fac8460e6d2f852a96566841ada45fa21f33"
22,"","345b2fbecae958179ed70cbafa339fe122a479e713ed920efcd5d3e7cf57cb2f"
23,"","4cf11590d8cb555d32bc0bb2360f221a027833f7fb23950b54f64b3024b11cae"
24,"","8fdf8cf7be7afb2f5201cd955717a8cce6d78ff74675ba2a6bdaae212a1a10e2"
25,"","9153c4472e14548e7613ab50dc6afa7e000231d46864e98ae08a00a1e93c944c"
26,"","9bc6baa22e6fc5df9a4d52f8e06d1a2b3ed90049be62f4e19535c615521e0c26"
27,"","f91f640670734bbfd4ad254670b3722903e13776ba5d2afb510b816303cfa849"
28,"","422160facfb5b6683a17e6c8408bf240959343ce5a7f0bd43041dacc9ae776d8"
29,"","5b4bdebe85324d23dd60da552062e458c83dcde38e2c93a6cb4631e75881127f"
30,"","58fdc4ac68e72327645e5c246a1d06b268f9a9b90dadc8f9dd9570149b9c7e0b"
31,"","27d04374c00fe513cb147d355677c2e296069495c1ba2beaa092373be88ac91d"
32,"","f3f436c48960bc08fbe5d6df8edd3d5657b387a0b140dd477b9190bcd5278180"
33,"","b0748af6abf38d07174352c61e15b3d468288b5fc1b6973d37afd22768e1029e"
34,"","fce8302487565c7cfc25ef002f43e6c0da77d709421da7b286a877f18a80e7ef"
35,"","3227e7c29fd389e39053ece3fdd16e0614bc2dcf8f854e34d5aa4ce6cba8a242"
36,"","f472964155331f02591d8c64dddcb283bc40cec2a6f44cb094c3821b02d701cb"
37,"","0d2780f8f0df9e254a71291986c71010ac958071822ad72e399d5faa9cc143a7"
38,"","7f96aec5a798355eba7c6eaffd150dec4f0c91a4f00c5a832a07a998886a36e1"
39,"","28a890dc566ec5adbaf4a00b83efaf8e3d6dcaae251d14ebd7acf1166fe9acbc"
40,"","bdec334b85c8e4a85a376b48f001505ad938e8ceffc8109a588348c51fbbc82a"
41,"","052e304d9d4ee4c3e539fa537b2d20a463ee6e3582efa919ddd97d215fb565d2"
42,"","dba028a16b25ba9739219dfdb9fb3cd650668bbace6485d348bd2f8848c8b2e9"
43,"","4577140d7962583576cd641b1396106d8ca408455eaa3fd78da0a493bb1f4f42"
44,"","2d22e739679948619106c4a095c238964a5e7e6cafba86548483665217182b06"
45,"","f8964e6b02c30ab6d7c24e96be9a586e98e16a9f69804fa0e6bdf0298feb2eb6"
46,"","a648342d7289d8f745a3355981a22ed6cd2362c5fabee3d97d66a963cb413c84"
47,"","b467371f1ce3c58910a9a46a1b7fd112b263e257e0a35152e6dd71813ded5c8a"
48,"","6ed02642d403583010e731d9ba0ff688ad3e6820604a5db0a02319da6cfa0391"
49,"","4b01abe0da94c6e705e137e0b156bf713537aa5135b810c15bd9f5b47f3690fc"
50,"","345903c3769b08eab5f77daeaf376ac40c680bb544ad024b41d38c6e204ae4b6"
51,"","b479accb0a1a69eeb6a74f767e8a6524bd6e04628670e72069cd5acc920b1de9"
52,"","0fec07cf3f8d5e1bc87a09dce84665887380075d194fff1f5c0c5ff9d2df1370"
53,"","c4040b12ff30aff5a39ab881b8445e51cac213bf4f26e46b21eaddbaa7c4c09f"
54,"","3b036359ec4f161c7b97f342ae07d2f07f3d942d1af565e89a8bef19a3636f96"
55,"","5ac61cc7f2ca8eb2c244fd6984f55570367f860366531180fb3760f206606fbb"
56,"","417b36520602b4aba25e1fad7d57e85f2a31a49293839e073107044e132d1688"
57,"","30aa49cd4b51130f250bd24aa9738400e8e2cff72384ad48251a478fbde7873e"
58,"","116592676c0ddd8da2667af02c265d5070c0e98fd8484b48dc3e32e70cc6939b"
59,"","65f58d358843af20eec55125707b098771eae59bf0c59979eacf9da12a30753b"
60,"","849819a894f3d70a65946c21e5a2e73ec83eab8d27982c6c95d2868a8fd4e525"
61,"","3578bafce914e0eb31516ef916bc51c89c458ab6aa609902a6e4ac8b224b0fba"
62,"","243eeea124fbf3ece72b2f26c700cad36fa7ee1cecd2743a9f5a03518c885bde"
63,"","bfa578e82fcf99cd20828dee428ab24539807868ee7d01707ef446fb7b150e6d"
64,"","9133cb1f833a08a34d9cb029aeda81e4b4cf2bef7ac53a51e1a24227ea48ac3e"
65,"","9e3b2e8e3e0dc7937af1d9a88ca61bd7ac3098f4f9f0b820ddd50d06509cbdab"
66,"","e7537ab0bee271c26996e03bf326b4c4cfad3cee1a5b039f5f438e5fc25fbf16"
67,"","17767a91a8da588c01d4c1ccadef593a6f7e29725558b8111f8b6e3bb64e6c39"
68,"","336a2b21e41eab44e1dd3ae35b9f03c952ce1b5ea5b917c4082b3d85e24d94f6"
69,"","94e9395e7d900da93e5df81666be0fdc7b3cffe011eb0387d32eab95fabb62ac"
70,"","ecf5fcb5fd51725f0b012a2f5b3235b82169befcc50b6fe46342cfcafc6f0f73"
71,"","bb5da3b01a7e47eaf2ec4c56b7e4d7fe219697fadf3bba9ffc363875ed3ae669"
72,"","d3327405a98556d083e779acbf1d5354fc8e5e9921d315263469c38e8385380f"
73,"","a7445315a97010335cc93f54d79c52c7945e9e0e2bdce233808fc023d8fee401"
74,"","c96b74c8c202b9fd21dc932c011f795ce53ac87c9e8258299df1ee92645b26d2"
75,"","cf815785fc19ad5fa31186a39e73b6cc14fb46478f4642cc92ddfbe30a5a34f7"
76,"","395b0927cbc2f698c5636078b65637994733b762762ffe30355822f4f40d8884"
77,"","288f1805058616489e8120900290ca1eb98b93116a91beb558cd64f0aca8d8d5"
78,"","2de4bd8c50d642f930a214e8d809c98f58bf30cc78840a9a801014cf62f3def8"
79,"","62bc04021e02af458727c9d4dea11124cec645b5e8d090b27509318b649ae8de"
80,"","59b8ba3a46a18f93b6e754aef2efb1b64f888e88e968a7b5070de70d48b1ead1"
81,"","908390565001cc24afe86b165e9eec804e3239f82eca9c6ca7e4e79d75c043c6"
82,"","0fb8196d523d7bbd6b0c79112dc6848e00eda99bc6399f89f5f35278be5dacbc"
83,"","ea9369b44bef3380c62de0f73c2b7423a2ebce78b05dc8bff7b9198291dacad0"
84,"","7bb425ac16ce0d9720007fd42e1df935e9a6fa1d091f58af35e744f290e0f5d9"
85,"","ac5c782a1119612f3f66f3e344235cfe2be286791aeb183f402c4105a90cc689"
86,"","2a6dedc61446560199f2cc72dd5ad584c8a7661a92c435608935e2dd46240265"
87,"","0187d197472ac70b8f03bdcbd36a4e42197b629a96c3f7e9fc7500c38773ea9e"
88,"","c6e21f209c4c8f21d418b4d69727396bbfb38ed42841425f77700c1aa383fa69"
89,"","ce01f2209bec26d16329b8814462581c3c7a46359754562f5d0675ba096c26d7"
90,"","e7dd8a3202ca803bfc5678391265b09389eb025ab2aaa43c066a38e486a5516d"
91,"","03b2cb74b14092d32a7ba625729e4fccf71f3404f1f7d1e1915fc98856005f30"
92,"","b9c407a132e0ace90d1103199737902cd8a6d2a0b09fd8595ac1d3bcf8fbf66f"
93,"","c8b9e8ab2913d220c0a5065e551a9601ce3998c161d02bbc73c183c49fa7e70c"
94,"","2cc714df8aefaf0d50e28a3072cc97f23fc1435ef29197ce2e67e39b0be09244"
95,"","841a076b727261d1500d98ad334010c05c6f36a08dd9428f5e32c7dace3cf777"
96,"","c8acbdf28c5fdf1e914a2676c77e236cdd673f3e5b994a41f6fdae02dbb0e457"
97,"","7aa841b48e1ae99d37d39492d90b131c39b4c760520a4ea841d736e10ae20fec"
98,"","6381ac972653a31b758a6347d95952130d82b0078a27161720cb4ad92d33d0df"
99,"","86f6421dd693236f808bb39c0b751ab5c7f49b1846fe2eb7d57151dea7a31f1e"
100,"","2fe37b91c64ab51533b5aab0232d7969c28d4c6d0f4b2223f27fa7f99fcbc9b6"
101,"","55564050ce498bd7f3f55ba5868c603af8f9f1949e1251175d83e3dfa29bbe09"
102,"","3dc9e0cebb3a7c198b85714827765400715945cbe707b7c9d33d1678b0822ee7"
103,"","b0f9f577907cfb67fc6fe983aa55366eca5c32554efcc8041ee8730c724458fa"
104,"","cd05ecb320c9656f5138b2565326b90fe78f0dcfdcc031568811f04fbb95c349"
105,"","9925e9ab4e3bc03b6b6b3b4a1564a8047611ee8be3bb02e25d63e07e447324f1"
106,"","7493146dcb307b044cee6b7f2ff56385efb18fdde742a5d05322fe986778fe8e"
107,"","5d9462b8aa55a66d24c8c638b531865214eaa629c713a1b493223f135e45c9c8"
108,"","82cce4f46c555c1f2e0eca917efd626abd0d27a9bdc1fab02a6d750743320da4"
109,"","1e3f46869e171382cb2a2703c7dad6fddf8749265d87b93966b7c71bfc3115e6"
110,"","49160b6d0782ee72f05ef2df5903161e3f40f79ccdf2d9e33f49c3151be4aaa3"
111,"","32cdc2650284ffc6c4c051dc15079f55a33b1fd3d5838a2984b2548686578174"
112,"","0257ad1688fcdb530c3c014b0e0acd6cf033da40aa5546d10c1ef3a9188e20df"
113,"","4f23da13e04acf54e9e1e1010852bc9a5d2a885ca89da146bc611ab975358bd9"
114,"","0f209374acb4f4404a35837eb4b4820193a93f942c2f43b6cc24698b50090a92"
115,"","3df078d84fc677bd5fd036ea1e2bf67957aeb9d21442eb8cf1654cf3a24e86e2"
116,"","9abaab635b7b569094661488e9401ee2e2f6242273d64f060a20c4390ed0d4cd"
117,"","6e7e7981948f3b86126ad0f70128b1ce789c2c276b7d3f075295a3f620a110d1"
118,"","9707a8f25bbdd626905eea08681e7ec69d6ab792fd7dda9cfdad9cbd9435ba0f"
119,"","54760e3f390b11f0cb6b33d4ea3f156862b5277c36af3b1e79eec1a533c9fa21"
120,"","439d92da109bbf5b848723300fae9762836bff38c38e6fbb79a1a2e56804ceb9"
121,"","0fc01a00bc1077f13c27f84e5954287c6ca96a8dbfe768ca5a067a5e60ad3627"
122,"","4ba28accd01e7c16da38b5812c81afe0a386d4a6d60e72f898c1f6456815765e"
123,"","a5f6c407f6245f0eeb57ac25db64cab3f8d868add75c81afd46956fb7318d07b"
124,"","8a73e25d8c516e8773ebaa0dc4d1c80f89a712e43d90ca005538cfd22c141ae5"
125,"","e28fb29ed980393a9bfb1d9d669660a7dd43c8554aabdb4afd813fbc968bdcde"
126,"","61049420ee0259ed19a4845aeebdcf6364470edb30c5a07de7d30a3dfd16a157"
127,"","d0fa32d1c6c4b6abcc8c81791feb093740eaf20bcbed8764cc14ea5e2d4cbbd3"
128,"","b1150ea28404c78f4f16cd874075ac0868c7ec5640c8ba8f396270f2629a2027"
129,"","ea5b4d33cc6413a55469b4e4ae23292a4dcb02abcbd6db79d84f1a63ffc03146"
130,"","3c243a2370ee708e11f8c5c6b3b654cdd9ca44db6ed52ce86fa6b18cdc6d6f59"
131,"","1f9e78f16a3aaa317368ca85dc2d6bb7c923e71e6d2b9cb0c91c7ab6f43dcfd2"
132,"","a6f93fb99114a24efb1949d7b89a3306945cae6fda70546d19aa37a553ae03d0"
133,"","8496a700afa3998c90d5efda63dcbd00490832a97705c3eba1848cdf2256ceff"
134,"","a937fbe7d0af0d9957f7d49cd938a99a28d8b08478e0413d7df8b8dc6097f6c9"
135,"","821b0f1e1dfaaf4a7f5b167a856eeb2310eabcbc48ef022a80a1a77d645ed5e9"
136,"","4b57d6ff413f93f167d03eb9e828d49969b8464875969a8f98d3e65cd913d099"
137,"","c8cad35ebba7dd235acfb0093d6d1fba8a09d6760d17e7db24c270e9490fdbd2"
138,"","bb3dfb9cb4f43331874946f5c10cb8b1831be2c3fc171f673d7e71e01d2e70a5"
139,"","66baf0ce0475326973fac8ed9b62868322b875762d47fcccb404dfa8236266c7"
140,"","ed37d6610e9f9bcdabde5d45db08d5ae231ca42ab58f6442fa5a82269724238a"
141,"","83ea4665504ad7048c4c92d300b3208bd8991eb626e729d66c7d2f555ac551ec"
142,"","97974965076dc70466ef6afcff592a2a709647c8c517b0c1c76fcae98a1a657a"
143,"","247a5f2970ef5b829c94e10de53226b1597e68ee31b72321abce49bb6fd7ee26"
144,"","51e8c9e54f9f652c9898f5fff7a275cdd9eb47a89240e955c6b208f072577295"
145,"","caac434ca888b928e8c919f090ea48c5c5722fa4a40d3f8909442b4d6777a0dd"
146,"","2a9e58e2f535962247eb4b6eed6f33f0a0e691f9f653cbeb1ee4418b30850eda"
147,"","1e02e67445fa8364dbfbf0029504f725309b8c287abf13888e5b0ffe6d4e9f4d"
148,"","720d2016c57513a7ba84ca0925301e7f5af3799503a4a5ef985960fd33d81dec"
149,"","5d77811775584d1cf4c98bf2d98c3019b33af7016305262b556d2b32e8afbb27"
150,"","e66b7409138a04a6d8bfa96361b6cac0e35ca963d3d210b0d4342bceddee8532"
151,"","7f96be18d63c481dd9a3ca9af8d5028013f3037a53db9ee350d9962f73828bd3"
152,"","241a74394ee2ccc10487b831dbb2d0d13c26a2a2db51c2f104d04f35062963b7"
153,"","d8888e1539a9af0672b54c642d88fc69aaef6e5396da3a3457eb0bc1a675d69f"
154,"","305c4c64c783767a7ef3b5cfc7916e476895de362dfd5d12c2c4fecdd2280bd1"
155,"","98f7c4cd7a5b40e0f63bcc1f46b85cfdf6049d77d30e04ca2397a78eccc901cd"
156,"","b21369c8fe37102cf89b7e69dde79aa841ceedafcf4741ad39b78736f18b0349"
157,"","055dd0b47f5d2f8f0d53aee55a3602a717672763c4d685d6b257d782a9a1b1ae"
158,"","bf39af2a8475bc31979d5119df668d9e8073ed291cf12d094e9932977358ff1f"
159,"","4a701c52da1840b9b63f386429fa2e6c929d6438a528a2e6bfcc8df69fce9204"
160,"","777dbae32799d341379d5d9a821f6182418d354514d5230dbdbf430a15f82ca5"
161,"","9653103fe925f4b527a8bad58bdf7739700cc42217c2a4b72eb1c0719066ab9c"
162,"","a79ddd948199d521ec9e227ec23ae7e7c980677d4ef59afba330d4cd7d02701b"
163,"","c3233a66e8f73daf1fa946786779a15cc55bfe29bfaf53611d420ddaf1fcdceb"
164,"","45ed9aa32c515c9694ab4b8dff530f164523e01e5e74e966ef243f4c8eda26ec"
165,"","e2e6e1167624accb31080679132eff4a7201603c06919b5d6e13ab7cb97e058e"
166,"","16f31a71d7ced85fb5b8c8afaae01d8d38953bd0c34919604c6ad428736b7859"
167,"","eb7d30ab73342c122d2a093c268125970cbaba376ed95b151d305dc03cd2657c"
168,"","287302744238804c0e89ecc5ef4ddf8df413b0ce9f23f32b955bc7a2bec020b1"
169,"","ce2465151af4b9c73b3ee8bded42b82a16b23d042fc99ca3c53a53c21f18d055"
170,"","f626eaca96ed214c6a4a3a0f0af90a16b127f4a1a89aee2bda7ff835d3e81989"
171,"","62aa1387f3251ff57b0532b279dbbe5f26145812a0a4f0e176985bcc69d08bb8"
172,"","533d8133189ff6762706752758a44f9f89919b0244ef0d2b434cb0888190d67f"
173,"","7ca8011beac34b64ee2e911fd0e8447106db69490304963b2ac9b1d2731b752d"
174,"","82878d390a83014e952a3681ec0d355830303075c1eb23df60f6a9c7ad59e4e4"
175,"","c74378824b91acf4fd1098ba5568be45cb42d8344b68913ad04d955df19ef61c"
176,"","5a79805dbfd457a5ca3686b2bd40e534382220844e13f02994e1dc525c909249"
177,"","c6d26c5a525a4ed0782b72d1e10920fd91f0181bd8485db3c7a47c405704eaf0"
178,"","ccde3a90559ecda1071707e1f11e3602a10988efed8dab5b0b11506262a4c2f9"
179,"","035e5125238832ce163970ec8dce9ecfea349690a47b2932588386e85a75ed9a"
180,"","edd679546ec21da97f913109690c4a9442bc3699be8641d1b40440c17f795e72"
181,"","3863d4ef6707ffb8f460cb1b0b8239d8a18d384444f520277149c777544daf12"
182,"","c554c0f1b5d4fd1e36c99a82f7ff3454f832f02417ed4db0ddc2857b599f9a17"
183,"","b7eb341c50a6cde1b5e83bc39c0540ad58bcdf48249a154220fd1224b73a2d9f"
184,"","cd9374b8d00dd86a31993e9c79170a84599753db103cbbed1ac0df73d1817f75"
185,"","02be169b5238a303a308a0b1c44d1c33ea6ec779ede1d893ed230f14308f41b0"
186,"","ad559ed9292e611e43bbe9e83026c5926528863814a06b5b9cc428cab9a40aba"
187,"","9247ae9b293694a4e356a03d07573be3a7eea54431a5268e3837767f06cf640a"
188,"","4e31fec857b269e26eb732f9a061eb102f5f5c0734993a1f203b3ed05040a1b5"
189,"","f976af8a5e2f977619e8507baf6bf3c7f29bd054d3e8c5a0a893b0144bc2111d"
190,"","c83bb7b750cb3865eda3df7325292bb1e87d8fff68b18aeaa14a7ffd3dd223f1"
191,"","6fdd3d53e829281c602fe7f2559383f4706fba001830977acfd0f5a82509e631"
192,"","487369a9af21901dbf06a9bc171a822e0586a9a565b0b545e9fa2c7e1099713b"
193,"","f1efa6c5f93e263f5f3adcca840698f3d6bbcde3aec66af32b79f5bdd68210d5"
194,"","e70fa903b1b9f75ac3556c7e828c4168421d421cb99b58288734093cfeea316a"
195,"","a5286550fefb54fe204626603c81a5dbd12c1b536e289e64f8f6362f768f5c0d"
196,"","cb6bd40ec154d0000929354d7f5304ff131a087f088349a2eee09a405de3bad2"
197,"","7b77eef5ffd52f66233f4b7103f10638631d1beac4e885e5b3087a9133403a78"
198,"","522fc6d8c5648a4463803c9b8ff1fc73b9960eadb1e0587eab7c8e8e9ffbc11d"
199,"","aa5237664b3f86f40eabeff66bdaf7d6b00f16cd463062ef85e7b1042363b427"
200,"","73d46758bd084240da51dac1066b6bd7856adf828f91076a03ce05dcc553d071"
201,"","8d385810900563d9639a54e2d3cc425500c65429cbbed97c9de532829a0fa6b5"
202,"","8671e8ddedc8ed0c125a74643ce7b31b2ace11c93f70e25691f4d10b93231685"
203,"","4381deaa23ed5517ae981d51589c39ef423adbe0c5054076db296da5d2296e15"
204,"","bf90cb6e553d485bda5615fa18428183ff633a63700752c5eb8c006d98253612"
205,"","bddcbac329b022ad11991df0b0bf63a1a549eb0d6c853f00755cf8d436156b8f"
206,"","bc4244fb1b2ae64e56e7c19bc3bf70f3b20af173b5c5077d3c73118971e5b5ac"
207,"","cdb1961a60213398ef83520e37ba4086351c996223bed250a62bc4edd4d8e0da"
208,"","db6eb25b51b8038e5fde5472a4333db709bcb0896c00d79b72d5fc78a6142429"
209,"","b718b2a68e520dfa7cd97e689fed3782d75cf7ef7e95d8b7c4c0ff72e479dcd7"
210,"","9a3bb6a0210f4e33925074878b9dc1f0d536436461de00243db6b2512110260b"
211,"","9bda68037d370417e13dc2e3780d90ec57f021529ad2dc8501e09a9855a00565"
212,"","f7b41106b731df39365b8ce07646f794c1f69c67b8c52758bf21ee45485b6732"
213,"","43b6bd0eee39509096bae8ad8cbeecba183e6073420894482e25f98ceb64916e"
214,"","82e908cf644a6b85497e83d696b8d20fe85fdda657de8abc70add49c16dda501"
215,"","a342d8a43288cbbaa4e8c7f7cf70e020923ce530b3fb3ad573831580507f5367"
216,"","c80c07887d47a372af8a814cea368eaf5159db3a34109b905511d420db6ee589"
217,"","56634084c2f4a2f3bb8949911c419d90ddb68946c7c4044fadb4fa26685cceca"
218,"","1837af24691384cf30c450e8ccdd95da062791907305075fc1680e7ec52bd952"
219,"","373b705386309f79d70f6ba60e8e1bd34fe9b506c40a7313125d273c8473657a"
220,"","2bf32720ae408b3c78fb7d473fd6e8c6d011a375605f9f009c346cb1e411637b"
221,"","3b96a4695f21c8b964106a8ff82acc34e181361cb226747c6e9c904178819331"
222,"","748214b35c02765a80157eface2915316504137e52445beb4e8c9e70ff742791"
223,"","058c4418c71b2684af94af00cfd2e0e4a932ceb9c2fcc0ed3c394fa1db0cec9d"
224,"","08a503007d7fdd9a0546db12f09a204067d7b9066950bc6a95eba81512bcf1ea"
225,"","1e73b9e285d0950a58d9c1371293dc1827a36d33530e04387b348b44e1190081"
226,"","920d8dca59623a8a22f44c0f5770d58f96dbe04fe0c3838dfcf857c115e4a321"
227,"","dde5545fbef8a82cd943247e64bdf996541b066d636c05ceb6fab57edc82837d"
228,"","629d1061e3a7369d04e99c9e8c005ffb1bf38ec963b0a526aedf1778cbdff7b9"
229,"","b45c5e2ffecddc78bbe44a3a88c0287f86e87ea1b1e4426fe8ef8eaaa5aea9a3"
230,"","dbd3949a9967dd0e2950351d3856423a3d511ac306d5a2636e387f418ed58b5b"
231,"","d26bc53c0e28416d94af0f2d8b2c0ab52e8d4169c045cf6965ec27ae618570d6"
232,"","38992c1e108e729736902020b0405595286f53ea6f36dca224a81beb42c2c581"
233,"","6da10d5f6ee457f02c25032d4c000fbb5792a60cdc93111bdc8ad3e37cd631d8"
234,"","bcc178e3fd49635f08b1c58f046a6bdbabccdb309b574fe1ebeedae45673ece8"
235,"","b3a7bb420f220264d1e7fa74392c21b628469d9c535fc05aab55fc964d794217"
236,"","1ccd8bceb51be27dc094a81f173ea5ac4d06e4feb2b90cb203f8229294c25e1b"
237,"","4c91294b72df1343f1aa8dcb504f2a8032709357236068d27dca2ce6c90d1dae"
238,"","cd96967550fc985bd838bd09df601cce97d4c354257b26492b1908ba34d2c27c"
239,"","abeb949948ce2600634b4f9814d10fd4e0b214a3c6fe669085d9a5bd4f4463fe"
240,"","30b6cab7f342fc0414dc543728962195d06da10c8239ec5e459dd706b2707bb6"
241,"","c42e379aa822e49bc5ac9c29618c69f8e84a684d2236a9db266f18a54ba0bdac"
242,"","9781596c120aaa424a021c97a60096fc4e51896435ce6ba90dc707d485b69636"
243,"","244d26acb15f704f8eacb61153fa4d6044ecc011ab1e20600c632829ef514e16"
244,"","5439b039db24ff50cf427b473f6380f8dc7b42ebec255a63881644d0873fde9f"
245,"","48045d2febd4bdc1bbbb1d23541b04ad942f6b503c9706c1189cef07ff0747d6"
246,"","544643a60dc45abcab778e38ef4f764409839f12179156ed85f8e6addbfbb040"
247,"","9493b5c82363b1658a7c4ebfce4b03b5ffa88c94c54f486b5c090351e2a44d08"
248,"","339bfb148287647fbc37cb8f748bc70ae26cb89f79411f6f1dbcfba1f4928839"
249,"","f4aaa80f67d6f8426cb5b595a40723a1d0faa0e93734e52d85035e9cdbf34ef7"
250,"","aa9b7451437f765675a98ba4e99ca3b96bbafc4aadc67e722bfe90f89ed8a1cf"
251,"","0367d5f74c8c73cb91daed26979573d381c91ad1f96bea158d1c188edc13125b"
252,"","e83d7a9a58b32f2434cb91a4be84dadfeff65200c0e95a6c6b312d945cddc678"
253,"","e3ca4ff3799e0e8c7d388e9ebdd163094f0bf4d485d653838e1aaa20ab8534d3"
254,"","1ea29892ee57ad8d2f1cf36bd33c84190c9203b555ab196365b2b928f4808e3b"
255,"","defe696c219dafeb9848cc0911c98c211ee6a8433ad56705fb0c70a76257f936"
256,"","3978220b76ed1171687283edea06369e3616da982e0771155e93a6cb91e68682"
257,"","377477a9d6b6799b4bbe6b35cb593dbe86b4f56a8036e717920ce980cf6a514d"
258,"","8eea74950198bd52d1c90b26132d8bae34c51f6157a085ecdc745c0583048086"
259,"","9e2c3570b857c34ffced4d5819de37ac02dd81d7fa6eb403c42264de9008f3f0"
260,"","6ed6f64befd01a0db10006e52d047a700a9b7814f30e3515953fdd7279ffd923"
261,"","1d12988a0b5f5a4c0b8c6bea044f95ff5e972ad288e743f1c72e3ea205ca8063"
262,"","4636a85882dfdc809c0c7729033e1d03c650d494d29032f8c291935980f3fd98"
263,"","631553f13bf10f3098e7281f64788d6dfedf60fc351841a34d3b33a45ebdd53f"
264,"","34b322a39204196136a63583eb1d9cdfc4812a5e428cc57587f03ebcdaced1c3"
265,"","9bd6d2a1a5d2d4165a042cd256d3f34590a0909481bb067462794f597c183f3a"
266,"","0cafb80a9f851dfab2215c706958c2ee3fc92bdb216ccf3a57229e5c810a27c6"
267,"","d2468ee634267390930d37013f0986d3dee8cbaa55e4a3e25e29ae1e7f773dc4"
268,"","7c31270f4e1ad851405d7c365b1e3e4f81695d2a16beb246779770302b0467a8"
269,"","98350591fc628d7ee83dab39d6a4b989aad60af2e4e0043e664e1ded5d21f2ee"
270,"","9cafba2958a0461be00a24305589aa554d489b254c8a3dbe9afedfd2def3af3e"
271,"","578ffa38fce5b2cb47ddcc659ad362363ca8d6258badb9ac4b447e890368463a"
272,"","c239b45fc5b8e95f1fa89755aaa62411a782a352fe0f9123a380577e5f7c5fa2"
273,"","52209befa3cd4307daef1785e92ed4c5ce68a8a63c86e9b964739533cbe9295b"
274,"","da53f30f7db1186d440f363d40becebc68e33d01eb94ae9e7b76f0bd0231c88f"
275,"","ea5f810e90d76c0531b702ab3456244afbf877b3bd74ada7fe72eeac3579735b"
276,"","8ab60d941492f93fb2a27e8be6df852af76c3147841eae816ecaabe6536f10c3"
277,"","f102e658cec1bed000291da496a36728df8284523fce0bb49ec3732e6803a34e"
278,"","3713f09bb8e7d217e9d5b478efa39aa39d099128e7c768dc28047a1a928a3345"
279,"","c01a7f953e42b1b26b46a6031820c3b5535a50f94e21bae214f514195807555b"
280,"","c25513fab96e55ced6f14c75ce73af54596172910777287ddd7e745958f2000f"
281,"","af5890ccbac90710f6f64a115cf8db88c4a3f3a3c04c115ae003e2d57c170f7c"
282,"","20ac9effe79815de8956f4e62bc38919ae2a539a6b1cf23fdff6cdcc73cbd35e"
283,"","7ecdd62d2702ce139daef6c381f1d80f9bffd6b7c04c73730c7b203f11196941"
284,"","1f4cfebf28ea77efab005d1b97d5e105bcdbd73af32b6f42f71a7929bdb58d8c"
285,"","3a8f04d16a0cc654f202b79c16d7823662b6a8876394ca60bb161c48c0c1cc05"
286,"","fb0c3261126eba70651bfa1d96a2f110b9e5b473d3125bc5abb578cfaa5d2c92"
287,"","ae31b35688eafc0c545095d51c1fe19e1d835726f4569a2ded13aea483d78d66"
288,"","eee6e893229692693f97a55bb9a7b343d6461ed4799362c0a1f5cf0043bed420"
289,"","c325b012440e4d85639fa47cb1dbc477b32833b7ee271709d971794603dadfad"
290,"","e8412761a2835d30d0c725e872fa51b94433da67ca4f70685e23227472752996"
291,"","9633c9822a73c34e60371936a530a0f04d079093ae8c5c56bfde5cc77939116c"
292,"","c50c203f4245ffc1bb0dfd707c08448219f391d91bda11aeecd998169654d8a0"
293,"","ee97160efc8b114ec601105c686277e5ef53b9ddbd7d00fe56e640235dd68833"
294,"","765b575dacae75e594118ba9c0b59be3502a36c62fe826ed739d12284c0f6920"
295,"","97f8f3d225c28305b9058ca1084aa1fcc9963a28c631579f94c05890274d2b5a"
296,"","43c7615edd744290f09f7e51cb294f6f9e72d4ffbac73ffdd8511e6e7f8c380e"
297,"","976eb5727c3107ec9b06d44b54c85be22ccea6e0bf5687c77cd921a9e8079f5e"
298,"","a686e91564379b606ff760977727e0528d4892255ec46ca6ed68162daa5038c2"
299,"","61e6c716a4b0b0c574d118cfd1f73301c48a9fad3ad80178044b08fb2ed59ca3"
300,"","abd700e78e0ef602e56dfb9dcfa75d6f3597c05d5c85cd355d100e71fa245b1a"
301,"","5d9168b79b38c3bfa59202ff339a80cffd365fca8fd6af09db70b72ccad771aa"
302,"","352990a5b751907f4f3b15379c47997bcb2c0594168a5d43a8e91029829a458c"
303,"","01e4e1ae285a2b71ed2a8a41134411eded5c30f957004b167788b9b01d2e6d48"
304,"","d4a251202daafa5a6c578f76f402838785914b829e3a19abccc713779b8be0ee"
305,"","5126bc28af7028ce8327aad38bcba2d430afcb85595727424e4087ba29a5d688"
306,"","6a7f69e0c55250e022d77be94beb614e52f5f3893c7e6ad3404b14d1148659b1"
307,"","3459822d6e51c8ecee73db6bab16fb168a5804974ec9f1cd66d61852903550be"
308,"","91287f835a2aef74823f7873ac160fb4f89e14ccad76bdcb926d53455f337547"
309,"","d5f5d698e4ac6ebf728a3666643614a78a455d7f000cfabc10ba7a93d5965c18"
310,"","22100648ffd2c8dcb0b3646086433224ec04a2fc8017eaf8946a4ce71147466d"
311,"","d6d5e1631c770c47aecb4d1117b144e307d10b96ee5ef8672e98540fd70fbc37"
312,"","303b273193c0164d45af2ed6e357ff21772da768e6d6eac77d63e25e2f57237b"
313,"","be7cb4c5c1ac111dabd2c75bb930b2caf15c6521c988c00a56a2bc8b4cf43f40"
314,"","bd19caca7c367c4aa606316d79c641d4a6041ae2ccd27a502cfc76c5367cec6f"
315,"","c0f4275d4f8a093a0e873c03bb414eca2bacf6aa8cc286878c48255a292d53db"
316,"","d564002d9020c496dcd18b474912ca59bf5f3fea329e9758bce989e297b7bdf8"
317,"","144ba8fe28be8d19c1f5b248cb13f940265a5675a9d587cbcbe3d99efbefa544"
318,"","91470897a6f736d0e26e3e81a092887fb5acfad60503f286218a7715e974f77f"
319,"","dfda66266afd697a0a572de1aa787501440894efc02861d76582e43a1221ad0c"
320,"","64bb9eb600182641d9c5549cda380453b087778fdbef56958faa090c534cf7e0"
321,"","2304044c8bdbf49349cd794ac4a3b43234868ff6fa7760d437b610f8ac8046a4"
322,"","ecf1f6e024dc76bb3bbc875d3203c8bb07fb8e2d31c3668d79f2ecc7a7c7f65f"
323,"","63aea7307e04bbe1cddc39858b9eb6ee594b888db36000469301feba6bf6b7c0"
324,"","a993eafca7bdf63bddd0f1cbf5069b0e61083db432cac6bd7b84c3e837356e45"
325,"","29c3c36f251d1fea09e5a8738cad2f3a23ae7477c0558308826f1e4104e671fb"
326,"","0b2d422df72a39d0f9992abb9fe35c25a8b917f7a945cb2fa5bbe46a145435d2"
327,"","7f88f6e3456a156306c9f73bfa8b420ca607d5f04fcf58e4cd81277610d080fa"
328,"","a88d2033731a85180495daf585e8c4ceb30f750bd7756e462f28d244de836981"
329,"","a1a6fe4b176c3d3dafebfcee17bdd65156b8299778814979c2285a79807b0894"
330,"","9aecdc82226210a7ca2c63ba3b8e9bcc883f6be27f363ad9eb4d7ea3779626c8"
331,"","a48d8c19af16e164d3a254bea38ee641a697ef2db506003df43c82d1b5b7cd91"
332,"","1b06f8790983b2e80b7eae2d9ea4e00a286973c150e9a711ff235b0af87d9a1e"
333,"","3ecbf7fd2c17f5b080b3fbfba81f94f0e4ea7abba6d5f9216f59efce0c70ce84"
334,"","708bf36af88cbc2b1e4c32648ad581dc85c9bb98d32476be449d1e6a9beb0233"
335,"","736ba1f3b25cab7a31d32a69b1cc00b7d8f728d688d22065c2dca317a7d63a4e"
336,"","98c751496dcae79434fe8dba3ee5fa064f0e35e8848a098008335d0e4dc22e87"
337,"","6f66284183581ae933f8b825c7038a065e6b802e45fa577fd78a69e27ff189c0"
338,"","987dd37d96cf24249e5888a48a9a0676d82161c37400202fc687ca7201e460ff"
339,"","caf095152119b9c4d3533b091473c51209c276ab74a4dab692856e73a14937db"
340,"","1a96aadac6a86734ea031b1a783d9be9e41443226f54b19b674c162c4de84862"
341,"","d539155ab9ad4c5b8ef748c346daa7489cb106e6e8ac48e705047c4bb801092e"
342,"","97596b3ee5cf6885641d8e0b506d7166a6eb0602e52ea9ae4b937f784521784e"
343,"","1fd5146fe0feaeb3e13804ad1cea8b838d35ec7b5e636058d0a5877712ca3dfb"
344,"","92d66f35f214de8e0885bdc6e53bec2b70561b1a243823534a3b8f9bff438390"
345,"","fefbf4ed7bf1211f79140cd81a9b7e6bd9ac9fed1ece072c819a3156b2265b6e"
346,"","d257dbdf46193a3f610c6b3f907a2a7d466e888a9b5027f6d29afb78320785da"
347,"","4061cd2698d07c92b2baa0c28761d1fc86c88bb1a7dbe2e5170676c595e8f1aa"
348,"","7bc7d42faf92b210e22619bda4e9edca971cddd3ea711f29b3ea4b048e665b24"
349,"","d3c2c2729ebc433a8de800a7e477cef966ac1f5f0efd62bf066af6123e9193b3"
350,"","ba336b9ee767272cf44ae31713c2a9afefef17bc24c634cc31ed356ab51b74ec"
351,"","8ce89efd429ede546f4d9961b064c546caef525995bdf954323c7ec98d6ce976"
352,"","bf8f327bd5eaf5408b77a619389be07169a659da1a772161b47b69c38ebea382"
353,"","8f024a53d2aabd52ff6103e17e4cfa5e0664904e902a78a8a0cde408dae04103"
354,"","ffe7cad2e172f325780fb54f299d32a712075755ec4177e33793ca2c1a01b45c"
355,"","b8b17b8fada584b991d9c6385f954cdf358068f580f8842d25c8ef684c0abb39"
356,"","28eeb43ad1cc07467411b3a2b30be16d5f97b164603018de5aa5e4ef44af23a6"
357,"","f521a63c4b09d9701fae443d8f5fecdb432a8ab6f8473223b475905b3767d481"
358,"","f0256d84bff8188c07123c910ec5d6f5a001d5f103a9c789be0e07a0082886fa"
359,"","efb2c6a63f256c7c4e930e8f880c0612ff30026340b932c0061345a64e1b1a28"
360,"","dee32595a9ca225e71d80a2367c754fbf896f619b06c5ca0de47b291cd0f5a10"
361,"","26617d3abbb6c60099db083a868843964a7bb0a0f2761fab776367c0ffa54ddb"
362,"","dbf4d1fdadd744cc602b32e96ebd4c5266d207e0506cc32bdc81b9e9bac95ef7"
363,"","81ed94a0bf9a7568147bae290b2f59d45ccbc5470b29d33b8b07a8d2fd93852f"
364,"","1466e40101cbb4f087a9ed14b6afe75d0ee8d2e0fe433d893765dddb1ab68e55"
365,"","a18463531caadf89f2512c9f4e792c914e220b0c6e8e66d7a0a6e381996df09c"
366,"","e5d4552a0599bb3cf122affab7190b387c95eadc06c7a598c146fe286c7538b7"
367,"","cfa66919030aef628e81b6ac35241ae84f4b0fc76b59b7e5263d54abd704635c"
368,"","2ca4da2c097ffb5ab6ccc2111896213e9d7574e3b1ec5dba1e54c89c1f04fe2f"
369,"","f9d96d9b4bbcfe927a1ae3ac4a306ad5a46b57def5992c752eb82f7b6c142efa"
370,"","9801ec4d25b55645fed7853a47d9441aa6b8338d8f90143dd77f9c2cc9c66569"
371,"","6bdd08afcded681d2b2e11bac82fec312f560522eab6f3af1f7e3152692eb537"
372,"","9b589575257bace03edf706f911a7e390ba0238477eb520f8da998145f8afaa4"
373,"","ad1e445bc2313f4b474505f2ad413da7defad76b83e9a9652fa06ed87788e89d"
374,"","33f1ca6022c847f3d25cb37b213a929f412399edafc1acb6726e1a8dade89738"
375,"","c42c45accf1ae3e5686a040924456d9e9c6552d524bb54e3445959343a8a5b9c"
376,"","f665056cde96b98330fd873c889b1ea4f416cd40aaa4d2676a4de2ed63cd2ff9"
377,"","4ca25a7ae6a09ce8e9c2a8d8ad59b649309eaa7e9f974aec2f5d297e2449e0a0"
378,"","3eac6cbc7b4002bfc729581f0b4b09ef0c8a972a2876bedcaaf34e702bcef956"
379,"","6602dc0b97755f6c1d05b27c9a7b5e9475af9ffa86aeb8b3c9f9106f1b0ad059"
380,"","66e2fff2a2af16a06af5e20db0cdde589205163bbe7fa21d60723b22ea7c70ed"
381,"","a693a7671e6cf1d7ed9ecf678679c3eb782653d8d6dfadcac2346ca400550991"
382,"","f9f4eb453c4fd7b42baf3d67320650afe86f95a4b8acd3fe1784f7a2eb36a8cd"
383,"","bcd8d0769329330eae96b342db8ed8896c4048c82cd8ea353a32f45baaff7730"
384,"","3f981fdb7f7b3f0a12d26bb35a72af3d528cc2067d0c94df0b1e6e8d22eaa321"
385,"","a83f140240e1efae3f386877ff7e247626452e7d04282a9a021279f5cfedfb04"
386,"","e05d37f6a6218e21de046c1fa3d9d629a3f8f4173b89cfd87544a4da50263b14"
387,"","3363b57f5c467b564104d4b5b50f863e4c7a79a09ba6c0e17964bd3095b9ce45"
388,"","200e6787269b9f3830ffa112db8507b07b38ad5ccc19a59ac84eda7ac48e4df2"
389,"","68f18fb45e0e19961c09b23572aae299b897715bc3b8a45fd0fc4fd4b4cb7b93"
390,"","b42efcc79d846aba2de6895bb2fb1627ddeb7c2c4588dcf4a5faafd8fed5b965"
391,"","06ebd35417f8aad42a713e04879486f862d8dcf56927d3bd8e0a13c42750ea1e"
392,"","120f97039c2b2dae7927601865caa70ef9dcc4036c3b45405a80e32682bebddc"
393,"","1ddf9d127cb84f6069624ed0a9beea88b8c123e2c8dd8eabba0581211b2262b2"
394,"","a212945c6ff7b544eca9a14132db31cd3ca6d90832aaff5d8b0eb08dc8663af0"
395,"","ebbc06c22f95bce55f9d8e917173d274358d8db268dca9559e55f1c70cc68aff"
396,"","b06e8d6668a395a7f535f2aac7c004a4cb1662acf1526b4a5775def075929386"
397,"","5a4db0d4c8013834d7f456f9772bd5f6e9685d16227c5712f67a37a22edacff3"
398,"","e4bf1fd6b6754433eeb9b9ceb964eb4b7ac5c9997f2531c75418d3790fed5506"
399,"","a07c03fc9181d9ecf0257293d1e0f11c3b7da2859429d74b55b71b2cd7beb446"
400,"","cdb11e7b62b394d9df1c6b7df583c1713416485ace890115aae0a90807a441b1"
401,"","ecf0b63fea722c4cc4e0915e7f682467c6c4f1a964765bfedf2561f2cc79f824"
402,"","e4412a6efdd40995033b61c3864a8b8d7359b5940352945c37ea781c401d6ae4"
403,"","e51d988887a43ee423aaee85909984b29b1e0a088503438a192f5207b127d275"
404,"","1c203d2840208fda11cb726a26931cbe4eaabd5ee00349426738ec014d20b9f3"
405,"","9ea40714a715a42e302a87a2cd2cf23ae5ebe8dabf24bdacc42ab5fda6f736b3"
406,"","f7b912f29e57b4b65baf5684f1f0399e0dfb38bb39874b517e1ab0bc82d6d88d"
407,"","1a5a1cb6d67d3491955ffcd3831441d5327eccd55fd634bbd89dd6a87cb0e7fc"
408,"","48869ab4ab84be452646652db84de429a988411fbaf96b0744dc213c5bc36781"
409,"","b29d2f303cb3c94f0946cd13663851a2628712c8be2737b5c2ff940ea40af870"
410,"","be7b8eca11470ab68d0ff6bc1ecf54ba61915536b2fe32a6a6df8b7d8d0d92f8"
411,"","3817c10dac1ccdcb2dc2cc53e77b3f6ced3970d506f8a6eeb2965e9daf424ee9"
412,"","5dc3150887c9351ef001e747445e9dc6738fa157a814530ec5d417549d7457ec"
413,"","75ae071f754bbe21d1562185b91b2087ed535bc98cb7771e3dba20a90ab8a80b"
414,"","1fb12a3d38447476786376ad21f0cc9e4c0a68c836f8ba12a349bd9afd96f0cb"
415,"","2619869a429fec8d0cf21c9b3c3d4aea728ad1246d0746553fbe98d4f2f7d68d"
416,"","9d0ce6579e7418ddb3dcaedebe1b5d9969e155d10d9ac1274cb642022e48f8b8"
417,"","c33b6d8fcfd0d4cbe4310c8c2650fe40458e0be414d646026a3200a310513eb9"
418,"","a08bba567953dcc7bca909d777822ff854dff2100877d9766e5c341b34732e0f"
419,"","9a10547212bb5d22202156971c63a3a7e7bf4a231fdf070bdc89aa6388e42fb3"
420,"","d8694dba04dc8c8a6bdee06cd4743d4849f3501d209ff0ce3debfcf2c2c0c5ea"
421,"","b43d9a1e6e9fc71f68f68f52d6ff50796da04969cb048d353e12b36ea4f261a5"
422,"","9937734cab36d794147e2c2694fed55dcd5f9a25d700dbd94b847c8f43de01d4"
423,"","8586603a8f182105c830d77409e1dc42325b3b1a1c5fd6fd07850babcb340d6c"
424,"","e312ea3ce44ee8bc39ff2ad309510b730afa54dde33531bfe35f058ab523c3ff"
425,"","5959d543fd0bc111ac0a8346a8fbc97c5df267053f2aff463078901ad63d13cd"
426,"","78ae4d0ed5672d0b7bcb69ddc90ee9444c5787253bae37f777cdc06a446022df"
427,"","900260cde59fb0c78fb132dcde2093c372410335c061eb7ead22298270cf4868"
428,"","164149f724ea19d1e1c17caab64425bbe26975427ffa230ea12d2536f99f31a1"
429,"","cdf0358dcf2fe093b5988e5f4809b1361c10aff72bb90d42f8c0a8ff005089db"
430,"","47f54bc02aeb9cc9727bb2fe312ef273ce83d7a1b38fff3aea3f16b4ee2f2c0b"
431,"","63f787aceffc6b8eca5a6fb941d3ed931f82d81152ac84abbc002e58079f5cbe"
432,"","d70a014801137a4f7cf12cb452c9f4fbb8684cfda19fe796d5ae3ba1f30d3b74"
433,"","bb07d85d7903ccd3ce3765c7cde2f2c5249d40d57b46447da13e1b0df8a31272"
434,"","5a8d0275ceac04199cb70c7a4c31f9dbee98124f998990dd7208aebef41068a9"
435,"","f7dcba7b3466f29bc0d3aba4179bcc7ffcd5aca0271250fb3388a6a1b07ee68f"
436,"","90a0b1894afc37b043c97569e320608b92396da5d402d776842eeb72f41bccb3"
437,"","15d3950b9ad999cedd6330a87da5969b1be752602487823f7315bd6dbc524e6b"
438,"","e910c8ae63c073c3c332a33f684af1e471ae451fcf88eb56b5be2e003570e056"
439,"","0e5f127471f9d530695e398ccf7e793c35440779dbe7fbd9ac5e004ebec7d918"
440,"","59c79c4c867481b96a587f32ad27fdefc926134754609bdd57a0af31ff835619"
441,"","ede7a0cd9bb6cd696e2348a7e04b5129281dc8da6e45c3e3483a923f3f8b5e82"
442,"","c1c879f19230ad36658e662fd2e0e2ac1efca87fe6d46541f3a046559db08efc"
443,"","9afde17f475921de4bfd15ff9d4a21a547b305ff772c0bafb4edeca3a62bd2a2"
444,"","2318a526e92677d8ae2c6baf8f8a82be03d3de39754790f629688dbfdd3488a3"
445,"","7b66acf8c7246df27ca952b64cff0f66f09cec389d971af5a825da5f2534ff51"
446,"","e0c9caed3dfedc1a09d53ed27c00003325ad492a33d0e74f110272d0840f7f63"
447,"","5149d538cb84a9d6be6380704c95e4335f9f8cf2759b580eb655c46d2b4e1982"
448,"","fc18a94f91319d40ab6a4f25945e5565c0a7d2fd6cc6cba8805c297654e82988"
449,"","be90859da3b5c1c841395d3d552eebeaf81210039e03fa991bc8262e379dc48e"
450,"","20c2c27a4a27b3ea94d3058d2ee0be5bd9b928abfbbdd24e205be9c79a90d75b"
451,"","2318a61f5e0e40f91d4303239db72153b737809d098cf8134f9b44fc22c70b31"
452,"","88fcdb16d2ca0b35a5291b77888d24cfcfda49f8bd0f17faf32ff15efadbe629"
453,"","b0b6cfa548a39bd1f0d44c174cc6fd0ff91be53aedbe9a2b98ab1671df352b4a"
454,"","0db15fd1db9d0344e31971eff80150a1ed69edf41574267417ae672a8ac5a41b"
455,"","b4ec2730355fcf55ff5bd48dc3ee22c1cb6fb24c29c28e944b85960a030b4b5d"
456,"","7188303c3b108538c3687721e1d5f63c345b0702c80157f96e086b1ab44579a2"
457,"","8488b93b206aad28b399d26c7470c686016bdf7257b74c875566aa77f995c77b"
458,"","661f2ecb93f023f490e667fec8acefb07346b54aeb2b25de94f8106d16d14027"
459,"","5eb97e2d1f97d8083ae4f0187db2712f1742cbde1d09df58fb9417f95f346994"
460,"","d088e60621e69cbcb23af8ff15d03b7f4ee54660e4b3f9ecad0619eef95e7cbe"
461,"","8257b12470c2ea55e0385395c227a7d9d199a44a81fad94e45a51eaecb56685a"
462,"","f7efdcd7326d1df9f14695d7df8e9035f2d9f8222a84626cd8abd451f5d5c0e1"
